id;name;age;occupation;number;email
1;John Doe;28;Software Engineer;(555) 123-4567;johndoe@example.com
2;Jane Smith;34;Doctor;(555) 234-5678;janesmith@example.com
3;Michael Johnson;45;Teacher;(555) 345-6789;michaeljohnson@example.com
4;Emily Davis;30;Graphic Designer;(555) 456-7890;emilydavis@example.com
5;David Brown;50;Lawyer;(555) 567-8901;davidbrown@example.com
6;Jessica Wilson;27;Nurse;(555) 678-9012;jessicawilson@example.com
7;Daniel Martinez;31;Accountant;(555) 789-0123;danielmartinez@example.com
8;Sarah Lee;29;Marketing Specialist;(555) 890-1234;sarahlee@example.com
9;Matthew Walker;40;Architect;(555) 901-2345;matthewwalker@example.com
10;Laura Hall;33;Scientist;(555) 012-3456;laurahall@example.com
11;Andrew Allen;26;Journalist;(555) 123-4567;andrewallen@example.com
12;Olivia Young;37;Pharmacist;(555) 234-5678;oliviayoung@example.com
13;Christopher King;42;Chef;(555) 345-6789;christopherking@example.com
14;Patricia Wright;36;Artist;(555) 456-7890;patriciawright@example.com
15;Joshua Scott;39;Engineer;(555) 567-8901;joshuascott@example.com
16;Elizabeth Green;25;Teacher;(555) 678-9012;elizabethgreen@example.com
17;James Adams;48;Plumber;(555) 789-0123;jamesadams@example.com
18;Susan Baker;32;Manager;(555) 890-1234;susanbaker@example.com
19;Kevin Gonzalez;43;Police Officer;(555) 901-2345;kevingonzalez@example.com
20;Ashley Nelson;29;Scientist;(555) 012-3456;ashleynelson@example.com
21;Robert Carter;38;Mechanic;(555) 123-4567;robertcarter@example.com
22;Amanda Mitchell;27;Receptionist;(555) 234-5678;amandamitchell@example.com
23;Brian Perez;41;Firefighter;(555) 345-6789;brianperez@example.com
24;Karen Roberts;35;Writer;(555) 456-7890;karenroberts@example.com
25;Jason Turner;44;Photographer;(555) 567-8901;jasonturner@example.com
26;Stephanie Phillips;28;Scientist;(555) 678-9012;stephaniephillips@example.com
27;Charles Campbell;47;Engineer;(555) 789-0123;charlescampbell@example.com
28;Nicole Parker;33;Dentist;(555) 890-1234;nicoleparker@example.com
29;Thomas Evans;46;Teacher;(555) 901-2345;thomasevans@example.com
30;Hannah Edwards;31;Designer;(555) 012-3456;hannahedwards@example.com
31;Scott Collins;40;Electrician;(555) 123-4567;scottcollins@example.com
32;Laura Stewart;34;Marketing Specialist;(555) 234-5678;laurastewart@example.com
33;Mark Sanchez;39;Doctor;(555) 345-6789;marksanchez@example.com
34;Rebecca Morris;29;Architect;(555) 456-7890;rebeccamorris@example.com
35;Nicholas Rogers;38;Engineer;(555) 567-8901;nicholasrogers@example.com
36;Rachel Reed;25;Pharmacist;(555) 678-9012;rachelreed@example.com
37;Patrick Cook;45;Chef;(555) 789-0123;patrickcook@example.com
38;Katherine Bell;32;Teacher;(555) 890-1234;katherinebell@example.com
39;Brandon Murphy;37;Journalist;(555) 901-2345;brandonmurphy@example.com
40;Megan Bailey;28;Artist;(555) 012-3456;meganbailey@example.com
41;Steven Rivera;46;Scientist;(555) 123-4567;stevenrivera@example.com
42;Jessica Cooper;29;Nurse;(555) 234-5678;jessicacooper@example.com
43;Paul Richardson;41;Firefighter;(555) 345-6789;paulrichardson@example.com
44;Michelle Cox;33;Marketing Specialist;(555) 456-7890;michellecox@example.com
45;Edward Ward;47;Engineer;(555) 567-8901;edwardward@example.com
46;Emma Howard;35;Lawyer;(555) 678-9012;emmahoward@example.com
47;Ryan Russell;38;Chef;(555) 789-0123;ryanrussell@example.com
48;Anna Griffin;26;Scientist;(555) 890-1234;annagriffin@example.com
49;Alexander Foster;43;Police Officer;(555) 901-2345;alexanderfoster@example.com
50;Linda Ross;30;Dentist;(555) 012-3456;lindaross@example.com
51;Joshua Jenkins;39;Architect;(555) 123-4567;joshuajenkins@example.com
52;Samantha Ward;27;Receptionist;(555) 234-5678;samanthaward@example.com
53;Kevin Perry;41;Firefighter;(555) 345-6789;kevinperry@example.com
54;Christine Peterson;34;Teacher;(555) 456-7890;christinepeterson@example.com
55;Joseph Kim;45;Engineer;(555) 567-8901;josephkim@example.com
56;Laura Campbell;29;Graphic Designer;(555) 678-9012;lauracampbell@example.com
57;Anthony Henderson;38;Police Officer;(555) 789-0123;anthonyhenderson@example.com
58;Susan Coleman;31;Nurse;(555) 890-1234;susancoleman@example.com
59;Matthew Howard;27;Journalist;(555) 901-2345;matthewhoward@example.com
60;Jessica Long;28;Doctor;(555) 012-3456;jessicalong@example.com
61;Ryan Patterson;37;Firefighter;(555) 123-4567;ryanpatterson@example.com
62;Elizabeth Hughes;32;Pharmacist;(555) 234-5678;elizabethhughes@example.com
63;Christopher Flores;44;Scientist;(555) 345-6789;christopherflores@example.com
64;Ashley Brooks;35;Writer;(555) 456-7890;ashleybrooks@example.com
65;Andrew Gray;48;Mechanic;(555) 567-8901;andrewgray@example.com
66;Jennifer Butler;25;Teacher;(555) 678-9012;jenniferbutler@example.com
67;David Simmons;46;Chef;(555) 789-0123;davidsimmons@example.com
68;Emily Foster;29;Dentist;(555) 890-1234;emilyfoster@example.com
69;James Bryant;39;Engineer;(555) 901-2345;jamesbryant@example.com
70;Olivia Simmons;33;Scientist;(555) 012-3456;oliviasimmons@example.com
71;Brandon Richardson;38;Police Officer;(555) 123-4567;brandonrichardson@example.com
72;Jessica Hayes;28;Nurse;(555) 234-5678;jessicahayes@example.com
73;Kevin Morales;41;Firefighter;(555) 345-6789;kevinmorales@example.com
74;Amy Griffin;31;Marketing Specialist;(555) 456-7890;amygriffin@example.com
75;Joshua Jenkins;30;Scientist;(555) 567-8901;joshuajenkins@example.com
76;Sarah Bell;27;Teacher;(555) 678-9012;sarahbell@example.com
77;Robert Martinez;39;Engineer;(555) 789-0123;robertmartinez@example.com
78;Jessica Carter;31;Graphic Designer;(555) 890-1234;jessicacarter@example.com
79;David Torres;37;Police Officer;(555) 901-2345;davidtorres@example.com
80;Laura Collins;33;Nurse;(555) 012-3456;lauracollins@example.com
81;Andrew Peterson;28;Doctor;(555) 123-4567;andrewpeterson@example.com
82;Emily Edwards;34;Teacher;(555) 234-5678;emilyedwards@example.com
83;Jason Murphy;38;Police Officer;(555) 345-6789;jasonmurphy@example.com
